North Virginia
us-east-1a
us-east-1b
us-east-1c
us-east-1d
us-east-1e

Ohio
us-east-2a
us-east-2b
us-east-2c

North Carolina
us-west-1b
us-west-1c

Oregon
us-west-2a
us-west-2b
us-west-2c

Canada
ca-central-1a
ca-central-1b

Ireland
eu-west-1a
eu-west-1b
eu-west-1c

Frankfurt
eu-central-1a
eu-central-1b

London
eu-west-2a
eu-west-2b

Singapore
ap-southeast-1a
ap-southeast-1b

Sydney
ap-southeast-2a
ap-southeast-2b
ap-southeast-2c

Seoul
ap-northeast-2a
ap-northeast-2c

Tokyo
ap-northeast-1a
ap-northeast-1c

Mumbai
ap-south-1a
ap-south-1b

Sao Paulo
sa-east-1a
sa-east-1b
sa-east-1c
